Username,Machine,AccentHex,Wallpaper,ButtonStyle,LastUpdated
Fusion Octane,WORKSHOP,#7200FF,Ocean Sunset,Glass,2026-05-20 23:23:53
bxr6053,L5084E01BDE502,#3D62B8,Spiraling,2026-03-24 12:13:53
bxw1389,L5084B6D667DA9,#E500ED,Retro View,Glass,2026-05-22 18:22:30
bxw1389,L50841B5658455,#7700F5,Ocean Sunset,Glass,2026-04-05 07:29:01
KRS16ZD,L5084E01C5EEFC,#64032C,Plasma Drift,Glass,2026-04-04 06:03:25
JAL0333,L5084B6D94E951,#E92C2C,Glow Stone,Glass,2026-05-22 06:18:21
BXW1389,L5084B6D3F99DD,#6600FF,Ocean Sunset,Glass,2026-04-04 13:59:14
GBS6J8,L508460CA84665,#000FFF,Stargazing,Glass,2026-05-16 08:19:50
RXD5765,L5084N03173349,#C400D8,None,2026-03-28 17:24:31
svcLFWarehouse1,L5084B6D667DA9,#CA8600,Glass Bubble,Glass,2026-05-05 11:03:00
KRS16ZD,L5084F83CF5F16,#0F002F,Plasma Drift,Glass,2026-04-04 07:14:46
LEP2277,L5084B6D667DA9,#000DE4,Soccer,Normal,2026-04-28 18:09:19
TCR6447,L5084E01C5EEFC,#0026E4,Baseball,Normal,2026-04-13 18:38:38
lep2277,L5084F83CF5F16,#0091D8,Soccer,2026-04-02 22:01:48
LEP2277,L5084B6D3F99DD,#0D0000,Soccer,2026-04-03 00:24:40
svcLFWarehouse1,L508460CA7C249,#E100E0,None,Glass,2026-04-04 15:26:35
JAL0333,L5084F83CF5F16,#00FFFB,Retro View,Glass,2026-04-04 17:58:21
TMB1648,L5084717EAD898,#FFD88100,None,Normal,2026-04-06 16:35:46
KXM1NK3,L508460CA84665,#48F20B,Baseball,Glass,2026-04-07 20:17:42
GLIBUR9,L5084E01C5EEFC,#E40021,Stargazing,Glass,2026-04-08 20:30:02
GLIBUR9,L5084B6D94E951,#D82600,Stargazing,Normal,2026-04-09 20:36:40
bxw1389,L508460CA84665,#00868F,Stormchaser,Glass,2026-04-10 14:32:15
KRS16ZD,L5084B6D3F99DD,#1C052B,Ocean Sunset,Glass,2026-04-11 14:08:48
bxw1389,L5084E01BDE502,#007598,Stormchaser,Glass,2026-04-12 06:29:44
bxr6053,L5084B6D94E951,#6139EB,Retro View,Normal,2026-05-06 16:15:25
TXS3755,L5084B6D3FA1E5,#D80000,Baseball,Glass,2026-04-13 13:54:48
VXE3079,L508460CA84665,#FFD88100,Football,Normal,2026-04-13 13:59:49
VXE3079,L5084B6D3F99DD,#FFD88100,None,2026-04-16 11:13:44
DXP4070,L5084B6D3FA1E5,#000000,Galaxy,Glass,2026-04-19 08:16:44
bxw1389,L5084F83CF2A98,#6E00FF,Ocean Sunset,Glass,2026-05-22 08:01:55
BXR6053,L5084F83CF2A98,#4229A4,Stormchaser,Glass,2026-05-13 20:40:59
RDR6AAK,L5084B6D8E9DE3,#3700FF,Theme Color,Normal,2026-05-16 11:12:46
krs16zd,L5084E01BABCF8,#8F00E5,Ocean Sunset,Glass,2026-05-22 06:16:53
